OrderDate,OrderID,CustomerName,GrandTotal,Email
10-04-2024,7473,Brent Garrett,292.04,hardikspatil17@gmail.com
17-01-2024,8074,George Henderson,288.7,fbanks@hotmail.com
18-04-2024,8013,Heather Sanchez,162.72,chelsealozano@hotmail.com
03-02-2024,9375,Ronnie Schroeder,189.54,hardidream111@gmail.com
25-05-2024,3032,Chad Floyd,342.36,snowscott@hotmail.com
08-04-2024,2876,Jennifer Christian,223.57,howardtiffany@dalton-gates.com
20-01-2024,9409,Leah Thompson DVM,228.62,ljohnson@hotmail.com
17-03-2024,3219,Patricia Dunlap,54.85,dmoon@stevens.com
03-03-2024,5413,Alexis Ramirez,192.48,oscar25@hotmail.com
31-03-2024,1841,Brenda Ramos,359.74,katie91@munoz.com
06-05-2024,1893,Jesse Maldonado,83.25,mlewis@smith-garcia.net
09-06-2024,1145,Oscar Wilson,136.58,michael22@collins.com
10-02-2024,3044,Tracey Watson,262.07,nashbetty@yahoo.com
27-04-2024,1512,Brent Garrett,391.1,hardikspatil17@gmail.com
16-05-2024,2727,Jennifer Williams,119.84,alisonramirez@yahoo.com
06-04-2024,2113,Peter Hampton,120.2,huffdonald@mack.info
06-05-2024,3631,Kristin Wang,452.85,keithking@zimmerman-dunn.com
24-05-2024,5941,Jennifer Thomas,493.96,bwoodard@hotmail.com
28-02-2024,4640,Henry Lopez,321.57,dana06@gmail.com
03-02-2024,4321,Brandon Brown,146.58,pchavez@sims.org
16-04-2024,1861,Sharon Craig,166.46,xhenderson@gmail.com
19-02-2024,4581,Maria Yoder,378.3,zsmith@hotmail.com
23-03-2024,6336,Randall Palmer,319.4,weeksjay@wu.com
04-01-2024,2088,John Fuentes,297.9,bradyboyd@hotmail.com
27-05-2024,7365,Shelby Roy,232.01,alexa21@hotmail.com
02-06-2024,1612,Angelica Lewis,300.55,cynthia25@hotmail.com
02-03-2024,3793,Dr. Melanie Sandoval,484.56,khanmelissa@hotmail.com
28-02-2024,3349,Wendy Martinez,217.73,joseph60@hotmail.com
27-03-2024,7386,Jessica Hughes,198.78,ipatterson@smith.com
21-04-2024,9895,Cody Dunn,279.1,randyhernandez@newman.com
05-05-2024,4865,Eric Howard,366.18,davidherrera@hotmail.com
10-02-2024,9132,Jonathan Hicks,144.67,derrickhale@yahoo.com
06-05-2024,9746,Dylan Martin,237.4,powellgeoffrey@ruiz-morrison.net
21-03-2024,2209,Craig Martinez,463.54,phillipsbarbara@turner.biz
13-05-2024,6495,Sabrina Simpson,281.3,eric68@hotmail.com
09-02-2024,8067,Melissa Torres,270.2,wilsoncarol@castro.biz
08-06-2024,1645,Olivia Wright,211.39,joshuabrown@robinson.com
16-03-2024,3525,Lonnie Leblanc,498.79,abennett@villanueva-rowland.info
10-03-2024,5492,Shawn Smith,227.99,cherylmiller@gmail.com
27-04-2024,9529,Paige Moore,280.29,littlecarlos@hotmail.com
26-03-2024,4718,Jordan Rodgers,105.45,kristinlynn@harris.net
28-03-2024,4918,Charles Sullivan,286,brooksjill@taylor.com
31-05-2024,1833,Adrian Perez,382.77,lisa06@yahoo.com
13-02-2024,6656,Raymond Hill,138.55,mark22@hodges.com
21-04-2024,5489,Kim Russell,476.02,hgill@garcia-joseph.com
07-05-2024,9183,Dana Cain,234.36,smithscott@roberts.info
20-02-2024,8355,Sara Clay,117.95,whitelinda@green.org
20-04-2024,6381,Daniel Allen,375.63,sarah84@yahoo.com
07-04-2024,6869,Daniel Wise,109.02,shannonbenjamin@green-salazar.net
29-05-2024,7008,Christopher Morgan,340.56,francesbrown@gmail.com
25-01-2024,1999,Kathryn Valentine,400.73,emilyross@hotmail.com
20-05-2024,9800,Robert Little,282.57,gmurray@gmail.com
29-02-2024,7267,Jessica Kirk,271.95,frankgregory@gmail.com
29-03-2024,6974,Molly Norman,235.38,stanleyjill@martinez.com
05-06-2024,7457,Derrick Smith,266.55,lambertdavid@adams.com
01-04-2024,5193,Keith Christian,258.07,batesjeffrey@yahoo.com
08-06-2024,3291,Stacey Smith,343.05,ahawkins@kim.com
01-06-2024,5385,Scott Higgins,178.24,jerryowens@reyes.org
22-05-2024,3452,Gary Osborn,364.43,turnerdavid@villegas.org
03-02-2024,8352,Cynthia Gonzales,423.36,williamsamber@yahoo.com
05-06-2024,5855,Kenneth Thompson,468.06,jennifer91@yahoo.com
21-02-2024,1995,Jennifer Pham,462.76,ramirezdeanna@hotmail.com
21-05-2024,1156,Brent Sims,301.16,veronica78@mccarthy-brown.com
03-01-2024,9910,Nicholas Oliver,148,carol80@yahoo.com
31-05-2024,6548,Roberto Mcmahon,443.63,fdelacruz@hotmail.com
08-05-2024,3697,Joshua Owens,482.23,christopherarnold@yahoo.com
01-05-2024,8421,Suzanne Rollins,434.82,danielsimmons@hotmail.com
09-01-2024,5945,Charles Berry,378.24,tgutierrez@freeman.com
22-05-2024,7974,Paula Garcia,202.59,leah13@yahoo.com
26-01-2024,3905,David Diaz,140.25,codom@thompson.org
14-03-2024,9572,Jennifer Carter,407.22,donnawallace@brady.com
02-04-2024,2163,Amy Lopez,282.39,kimberlymoore@yahoo.com
24-04-2024,6683,Joseph Zamora MD,343.52,lindamathis@medina.biz
09-04-2024,3551,Alejandra Mueller,112.22,gregoryjackson@gmail.com
11-05-2024,7564,Desiree Marshall,495.3,jclark@yahoo.com
17-02-2024,6351,Patrick Turner,238.34,pbrowning@yahoo.com
29-01-2024,1201,Erica Turner,393.7,uerickson@fuller.com
31-03-2024,8070,Stephanie Hudson,379.67,christine42@holt-gonzales.info
06-02-2024,8901,Lauren Blackwell,343.99,uthornton@mccormick.info
23-03-2024,3016,Mrs. Samantha Mendoza,483.29,laurenramirez@hotmail.com
04-01-2024,5880,Christopher Sanchez,438.92,gonzalezrachel@fowler.com
10-04-2024,4291,Darren Ross,277.62,imiller@gmail.com
01-06-2024,2706,Melanie Harris,288.95,william77@gmail.com
03-02-2024,9124,Diane Thomas,80.99,carteranne@irwin.com
08-02-2024,5716,David Sutton,499.17,michaelstewart@martin.com
05-01-2024,7134,Eric Holden,419.78,umartin@hotmail.com
27-03-2024,2280,Alicia Gill,461.6,kenneth79@yahoo.com
02-04-2024,3802,Katherine Lutz,91.46,dtorres@yahoo.com
04-02-2024,8957,Amy Frey,394.55,pittmanjoshua@gmail.com
16-04-2024,7071,Leah Johnson,290.83,hillregina@moore.com
08-05-2024,5460,Jeffrey Henson,172.58,daniel28@braun-barnes.org
21-02-2024,7024,Vanessa Yang,405.25,daniellehogan@johnson-arnold.com
10-01-2024,8812,Michael Perez,282.61,asullivan@stewart-wilson.info
03-06-2024,5307,Austin Hoffman,104.56,sadams@hotmail.com
20-03-2024,1798,Jennifer Anderson,489.84,tiffany04@hotmail.com
21-03-2024,4332,Jeffrey Terrell,233.47,qpatton@gmail.com
02-02-2024,9105,Jordan Rubio,359.39,aguirrekimberly@lambert.com
29-02-2024,3262,Nichole Velazquez MD,65.74,hgomez@hotmail.com
02-01-2024,8565,Maria Barton,119.97,david73@yahoo.com
17-02-2024,7256,Heather Dunn,206.53,zhughes@gmail.com
10-03-2024,8444,Ariel Harris,98.62,bmurray@robertson.com
13-05-2024,7551,Linda Lee,186.64,chelseaavila@alexander.com
07-03-2024,8744,Devin Nelson,88.38,andrea36@hotmail.com
07-02-2024,3557,Robert Rocha,386.81,rmoore@griffin.org
23-03-2024,6097,Cheryl Mendez,108.66,katieroth@robles.com
21-02-2024,2907,Christopher Clark,185.26,melissa08@munoz-johnson.com
05-05-2024,1066,Walter Dixon,294,patrickfernandez@gmail.com
02-05-2024,4212,Isaiah Chan,456.94,kevinsmith@gmail.com
19-02-2024,3988,Laurie Jones,239.32,fkeith@yahoo.com
16-05-2024,1945,Jonathan Jimenez,119.4,xjohnson@brandt.info
20-02-2024,8954,Christine Graves,273.02,kthomas@garrett-williams.info
25-02-2024,2700,Michael Myers,344.5,cwilson@chavez.biz
03-04-2024,7745,Scott Coleman,484.51,laura51@hotmail.com
28-02-2024,8664,Judith Juarez,474.22,wkennedy@hotmail.com
14-02-2024,7980,Christopher Cunningham,456.8,haasdeborah@gmail.com
04-02-2024,4852,Brooke Kelly,137.08,krista78@moore-stanley.info
08-02-2024,5270,Julie Wilson,409.94,gallen@williams.com
10-02-2024,9001,Terry Fitzgerald,352.75,vruiz@wilson.com
29-04-2024,4297,Timothy Beard,150.67,cassandra72@davis.com
05-05-2024,1053,Michael Fletcher,70.09,johnny48@martinez-booth.org
09-03-2024,6749,Tiffany Lopez,122.28,courtneychase@williams-sanders.com
27-03-2024,2037,Matthew Martin,273.39,prattrichard@gardner.org
21-02-2024,2997,Robert Caldwell,294.55,washingtonelizabeth@gmail.com
08-04-2024,4084,Carla Dodson,193.69,ylong@gmail.com
27-02-2024,9672,Teresa Hendrix,494.27,bramirez@hebert-morales.net
08-01-2024,4961,Paul Haas,230.25,adamzavala@yahoo.com
27-05-2024,1540,Brittney Schultz,498.36,htaylor@benton.info
01-03-2024,6150,Sharon Jones,465.77,sandra25@gmail.com
06-03-2024,7521,Jennifer Drake,469.09,wsteele@gmail.com
01-05-2024,7674,Kimberly Ewing,122.83,valenzuelajessica@khan-williams.com
28-03-2024,4015,Angela Mora,298.45,melissa85@davis.biz
31-03-2024,5478,Sarah Rollins,262.81,bradleycohen@farrell.com
05-02-2024,5136,Michelle Matthews,70.93,lross@gmail.com
15-04-2024,4004,Jamie Hansen,116.14,jasoncarlson@hotmail.com
11-06-2024,3149,Peggy Greene,362.94,dennissuarez@cook.com
08-05-2024,5779,Stacey Booth,196.05,saramorrison@yahoo.com
01-06-2024,2636,John Aguirre,219.08,millersean@gmail.com
13-01-2024,7759,Jacob Jones,173.55,nsalinas@gmail.com
08-02-2024,1632,Brett Carroll MD,51.11,josephnelson@yahoo.com
06-05-2024,6174,Carlos Zimmerman,207.5,vbrooks@williams.com
22-03-2024,1659,Krista Hopkins,177.29,crodriguez@hernandez-lopez.info
01-01-2024,2449,Joseph Murphy,290.3,veronicaturner@hoffman.com
02-05-2024,8970,Christina Johnson,424.1,ywilson@monroe.biz
29-04-2024,7233,Sharon Craig,123.74,pamelaburns@mitchell.com
14-02-2024,2701,Bryan Campbell,281.38,jprice@haynes-lewis.com
02-03-2024,8489,William Mendez,85.42,tbridges@gmail.com
27-03-2024,1548,Scott Johnson,190.73,brittanyjames@yahoo.com
22-04-2024,1259,Dylan Parker,230.41,zbarker@yahoo.com
13-05-2024,9963,Elizabeth Douglas,372.34,edwardhall@hotmail.com
18-03-2024,5709,Justin Shea,337.8,egrimes@hotmail.com
03-05-2024,7136,Matthew Wong,134.24,careystacy@fernandez.com
13-05-2024,9751,James Fisher,149.03,guerreroabigail@perez.biz
25-04-2024,2129,Elijah Terry,289.51,fryjennifer@gmail.com
01-03-2024,1634,Juan Palmer,493.34,gilbertjonathon@parker-jones.com
02-01-2024,2165,Eric Wallace,151.51,hardidream111@gmail.com
30-01-2024,2400,Jesse Maldonado,138.58,charlesromero@gmail.com
04-02-2024,4459,Philip Wright,484.92,aleon@hotmail.com
25-04-2024,1340,Barbara Weber,86.37,qstevens@davidson-haley.info
09-02-2024,7714,Bradley Hill,74.72,hallgina@yahoo.com
20-04-2024,7455,Allen Watkins,263.96,richardlopez@barton.org
24-03-2024,2930,Michelle Green,479.35,richard49@hughes.org
12-02-2024,2247,Mary Pratt,235.48,daniel93@lambert.biz
20-02-2024,8338,Aaron Mckenzie,453.75,christopher22@morgan-walker.com
13-03-2024,3422,Jeffrey Garcia,156.4,taylor92@gmail.com
28-01-2024,9424,Heather Dunn,406.29,vbaird@romero.com
25-03-2024,4397,Kimberly Reed MD,124.05,maxwellmarshall@stewart.com
27-02-2024,5359,Savannah Curtis,446.26,timothylopez@roberts-chavez.net
29-05-2024,8146,Natasha Jackson,462.38,nancybennett@burgess.org
26-01-2024,2433,Heather Dunn,307.22,coopernatalie@gonzales.com
28-05-2024,7277,Christopher Garcia,484.26,edward90@anderson.net
29-03-2024,2686,Dr. Amanda Hutchinson,64.59,tylerprince@alvarado.net
09-01-2024,8269,Joshua Hall,173.57,mkelly@martinez.com
19-02-2024,2650,John Rose,89.87,palmertimothy@palmer.net
26-01-2024,8034,Paul Reed,244.7,dixonjessica@curry.com
18-03-2024,6435,Leah Johnson,458.49,carolandrade@gmail.com
31-03-2024,7773,Michael Gordon,174.61,nicholas36@cohen.biz
08-05-2024,7743,Jason Evans,467.33,stefaniebrown@gmail.com
18-03-2024,8123,Kevin Benjamin,326.89,lanerobert@hunt.net
01-04-2024,4347,Michael Stevens,431.04,lwheeler@stewart.net
03-01-2024,9213,Gary Graham,246.16,jackie94@hamilton.net
05-06-2024,6696,Maria Wallace PhD,497.36,lindsey67@yahoo.com
25-04-2024,8155,Jeanette Acosta,489.53,rachelweiss@yahoo.com
20-03-2024,5475,Timothy Beard,104.18,ynelson@yahoo.com
03-01-2024,8890,Cesar Miller,286.43,crawfordjames@french-sanchez.org
30-04-2024,1159,Brianna Alvarado,133,anthony20@hotmail.com
24-01-2024,4809,Darren Brock,337.18,conniekaufman@shaw-short.org
08-05-2024,2964,Marissa Carey,412.94,gpierce@gmail.com
08-01-2024,7489,Angela Williams,342.08,hmorris@beck.net
06-01-2024,1394,Jennifer Powell,246.25,jorge54@yahoo.com
30-04-2024,6468,Justin Ramos,148.62,martineznicole@hotmail.com
18-01-2024,5031,Angela Willis,248.62,wilsongeorge@rogers.org
11-03-2024,8230,Melanie Saunders,426.46,pluna@hotmail.com
20-02-2024,8949,Dennis Kelley,215.38,mhaley@young.com
01-02-2024,2765,Benjamin Powell,73.22,hunter35@pena.com
20-03-2024,3836,Katherine Duarte,180.79,taracunningham@reynolds-hendricks.com
22-02-2024,2835,Stacey Booth,182.75,santiagoalicia@holden.com
09-06-2024,3073,Lisa Johnson,268.98,millerwilliam@hotmail.com
23-04-2024,7392,Amanda Hernandez,104.64,jmiller@yahoo.com
04-05-2024,6863,Mrs. Rebecca Wood DDS,358.64,nsolis@hotmail.com
09-01-2024,7402,Eric Richardson,466.71,fperez@hotmail.com
23-04-2024,9864,Jesse Valentine,301.49,anthony65@gmail.com
04-05-2024,9851,Kimberly Adams,363.48,lewischristopher@may.com
31-03-2024,4017,Thomas Mullen,129.55,kyleorr@gmail.com
20-05-2024,9008,Stacy Villegas,236.2,preynolds@morris-white.com
05-06-2024,4642,Derek Knight,440.22,danielle76@yahoo.com
22-04-2024,3118,Amanda Hernandez,467.76,roberta08@campbell-soto.net
03-03-2024,2190,Ronnie Schroeder,405.04,hardidream111@gmail.com
27-05-2024,3360,Maria Richards,151.79,sandrahernandez@gmail.com
15-02-2024,7938,Todd Mccall,97.63,allencindy@lambert-anderson.info
09-06-2024,3458,Matthew Martinez,66.56,allen29@lee.com
15-01-2024,5909,Rachel Hernandez,64.8,jessicathomas@phillips.com
29-03-2024,1330,Timothy Beard,300.79,cookemelissa@hotmail.com
25-02-2024,9500,Jeremy Walter,88.48,georgecarly@franco.com
02-01-2024,2251,Teresa Vaughn,295.4,vwiggins@hotmail.com
06-06-2024,3083,Michael Flores,268.14,riveraanthony@gmail.com
02-01-2024,1957,William Coleman,289.61,jason86@lowe.com
05-03-2024,4465,Sherri Watson,88.39,wheelermatthew@gmail.com
19-04-2024,6132,Johnny Morales,58.67,stevenmccoy@chavez-ramirez.info
22-01-2024,9795,Deborah Charles,418.06,alexandrawhite@sanchez.com
16-04-2024,5293,Angela Contreras,188.07,amyesparza@gmail.com
04-05-2024,3191,Kurt Hawkins,486.8,matthew27@swanson.org
18-03-2024,8628,Michael Maynard,308.75,aaron87@gmail.com
15-04-2024,3829,Kevin Nolan,180.2,paulashley@lopez.info
22-03-2024,8878,Thomas Hendricks,162.03,owilliamson@rivas.com
29-05-2024,9420,Brandy Rodriguez,298.78,ashley15@hotmail.com
13-01-2024,8586,Donald Hart,335.05,arnoldlaura@williams.com
24-02-2024,1687,Jeanne Meyer,94.4,jenniferfox@yahoo.com
01-04-2024,4449,Amanda Hernandez,369.17,ahuerta@medina.net
05-05-2024,8145,Jessica Norton,368.03,staffordalexa@hotmail.com
24-01-2024,8570,Kimberly Nunez,414.34,meganaguilar@nelson.info
06-04-2024,5878,Kenneth Nixon,342.18,perezjennifer@hotmail.com
20-03-2024,2915,William Wilson,412.08,hopkinschristopher@kane.com
03-04-2024,8761,Kerry Miller,405.48,martinezmadison@dixon.org
15-02-2024,1405,Tammy Moore,208.26,ehodge@wells.com
06-04-2024,5796,Brandon Newman,446.79,brian98@rogers.com
11-05-2024,3330,Andrew Gomez,485.06,vbrown@gmail.com
08-01-2024,5303,Rebecca Morales,431.3,daniel39@sims.info
22-03-2024,6164,Cesar Miller,437.52,nixonstephanie@hernandez.com
31-01-2024,5860,Anthony Young,402.74,farrellelizabeth@williams-martinez.org
02-02-2024,9686,Derek Knight,135.43,ryan21@yahoo.com
05-02-2024,8742,Diana Lambert DDS,115.84,janiceacevedo@gmail.com
20-05-2024,8632,Debbie Greene,455.41,amber15@ayers.com
13-05-2024,2740,Julie Hamilton,54.92,becklee@yahoo.com
25-02-2024,6179,Justin Salazar,355.38,turnernicholas@jones.com
11-04-2024,9119,Katherine Mullins,287.49,jennifer45@henderson.org
02-01-2024,7949,Stephanie Ferguson,322.92,elizabethgriffith@stephenson-johns.com
11-02-2024,8682,Hayley Huynh,342.09,monicadougherty@yahoo.com
03-04-2024,4059,Brian Garcia DVM,399.44,crystalmcclain@miranda.biz
09-04-2024,7161,William Moore,372.74,lauren15@yahoo.com
24-03-2024,9663,Rickey Gomez,149.86,nmartin@hotmail.com
03-02-2024,6925,Amber Pineda,219.77,mdavis@baker.com
23-05-2024,5052,Beth Hester,159.61,gaykaitlin@gmail.com
25-02-2024,8351,Dr. Cory Peters,146.73,tlester@hernandez.com
28-05-2024,5265,Scott Ball,249.94,vlara@hotmail.com
11-05-2024,5041,Elaine Robinson,447.03,jmorton@gmail.com
25-01-2024,3990,Stephanie Hansen,142.82,robincurtis@smith.net
22-05-2024,2291,Laura Garrett,100.9,paulnathan@yahoo.com
19-05-2024,8995,Reginald Fischer,391.71,juliaclark@vazquez.org
15-01-2024,9976,Denise Cunningham,270.58,johnnyjohnston@gmail.com
27-05-2024,7549,John Brown,340.93,nicole62@stark-cooper.net
09-02-2024,3294,Aaron Williams,111.08,katherineward@scott.com
19-02-2024,2536,Lori Cordova,252.61,kenneth80@baird.org
28-03-2024,8707,Ryan Torres,440.67,ortegajames@nelson.biz
05-02-2024,9267,Evelyn Horne,142.04,xalexander@yahoo.com
25-05-2024,3398,Patrick Adams,57.25,jennifer94@ware-knight.net
20-02-2024,9557,Micheal Mccormick,452.8,bradleybarbara@yahoo.com
15-01-2024,4558,Ashley Torres,461.87,lewissara@holloway.com
13-03-2024,9827,Eric Silva,406.48,ggreer@gmail.com
26-02-2024,9918,Kathy May,52.04,wernerelizabeth@hill-johnson.biz
27-01-2024,4027,Lauren Watson,103.06,bowmanjoseph@lee.biz
15-04-2024,8659,Corey Wright,463.52,garciasheryl@oliver.com
17-05-2024,9745,Joseph Clark,459.99,kingtony@yahoo.com
22-02-2024,3708,Christopher Jarvis,321.01,ricardo02@thomas.com
11-05-2024,2718,Casey Gray,74.9,rogersedward@cruz-mccann.biz
30-04-2024,4159,Amanda Carr,186.94,bryan84@yahoo.com
09-04-2024,2296,Tyler Lee,468.01,philip19@taylor.info
12-05-2024,6725,Felicia Mccarthy,175.9,deanna02@wood-smith.org
06-01-2024,1214,Kelly Patrick,267.77,bridget06@hernandez-jordan.info
26-05-2024,2564,Nicholas Perez,355.11,glen15@gmail.com
03-05-2024,6270,Alec Fuentes,84.76,michaelwarren@yahoo.com
18-02-2024,4710,Jeffrey Jackson,430.95,ehoward@yahoo.com
18-03-2024,1563,Jason Esparza,86.44,barnessteven@hotmail.com
03-01-2024,5208,Leah Johnson,193.07,sullivanwilliam@gmail.com
26-01-2024,4147,Kayla Gamble,429.34,kelly91@hotmail.com
03-02-2024,5627,Marc Thomas,196.47,hburgess@campbell.com
11-06-2024,4207,Eric Vega,307.55,jessicaferrell@gmail.com
01-04-2024,9621,Sean Potter,320.83,jacksondonna@hotmail.com
22-03-2024,2349,Kurt Hawkins,429.92,jscott@yahoo.com
30-01-2024,7958,Jennifer Martinez,417.21,christopher69@hotmail.com
06-04-2024,1964,Jacqueline Hawkins,238.59,zacharydunn@gmail.com
02-04-2024,3084,Rebecca Jones,135.45,woodjason@gmail.com
04-06-2024,1090,Derek Burns,236.98,kaitlynvillanueva@yahoo.com
09-05-2024,1154,Donna Guzman,266.95,gtorres@smith-mills.com
24-04-2024,5080,Margaret White,386.29,stephaniemedina@yahoo.com
18-05-2024,9726,Daniel Ramsey,163.71,hannah71@adams-taylor.com
24-03-2024,8511,Brandon Andrade,333.83,brittanyjohnson@hotmail.com
24-04-2024,1866,April Clark,154.97,morrissusan@yahoo.com
03-06-2024,9862,Jessica Ford,201.37,amanda12@long.biz
12-02-2024,5825,Paula Stone,400.7,imolina@gmail.com
03-02-2024,9861,Rachel Weaver,489.91,ramseysamantha@sims.com
07-04-2024,8414,Eileen Vasquez,110.31,catherine00@gmail.com
22-04-2024,3033,James Lynch,214.83,pamela87@gmail.com
09-05-2024,7651,Todd Jenkins,494.77,charles03@gmail.com
14-04-2024,9806,Kayla Anderson,367.01,zmalone@yahoo.com
05-06-2024,6888,Doris Sanders,116.11,kurtmills@hoffman-vasquez.org
06-05-2024,7794,Joseph Steele,432.58,gwells@williams-hendricks.com
07-04-2024,5664,Anita Brown,351.17,beardalexandra@gmail.com
02-04-2024,2498,Ryan Daniel,92.05,cbeltran@cardenas.com
30-04-2024,7693,Sean Harrison,171.27,vjohnson@gmail.com
17-03-2024,3892,Alisha James,319.1,marcspence@harris-lopez.info
17-05-2024,6684,Erin Garcia,90.47,xdiaz@young-walters.com
18-02-2024,2554,Ethan Price,278.22,mejiakaren@davila.com
08-02-2024,5476,Theresa Walton,132.96,blackjoshua@nguyen-burke.org
16-03-2024,1187,Kimberly Tapia,86.56,kimberlygates@hotmail.com
20-02-2024,2955,Jessica Walsh,124.17,vanessa55@martin.info
04-03-2024,9942,Juan Brown,155.63,lisacruz@yahoo.com
01-05-2024,9211,James Rodriguez,497.98,sherylfrye@robertson.com
02-04-2024,9752,Christopher Irwin,472.03,ohall@yahoo.com
28-01-2024,6890,Brent Garrett,147.82,hardikspatil17@gmail.com
02-05-2024,3588,Cody Hopkins,367.33,jjohnson@ramirez-atkins.net
21-01-2024,3948,Jesse Maldonado,303.19,thompsondaniel@gmail.com
31-05-2024,1987,Melissa Atkinson,453.47,geraldhall@yahoo.com
04-03-2024,7868,Keith Christian,164.93,gregory94@hotmail.com
20-02-2024,8407,Rebecca Mooney,263.76,andrea79@yahoo.com
05-02-2024,2949,Richard Perkins MD,169.44,katherine15@frank-singh.org
05-06-2024,5674,Deborah Glover,293.54,seanturner@bishop.com
21-02-2024,7876,Amy Smith,351.46,erica16@white-moore.com
19-05-2024,2066,Nicholas Garcia,368.92,perrysandoval@myers-richardson.biz
08-01-2024,2956,Andrew Thompson,488.57,steven45@gmail.com
04-01-2024,2264,Matthew Norman,127.09,vincent69@yahoo.com
23-02-2024,5092,Natalie Villegas,435.9,meltongabriel@hotmail.com
25-05-2024,4601,Christine Parker,111.54,zmcmahon@hughes.biz
02-01-2024,6963,Sharon Henry,181.36,atkinsonstacey@boyd-jensen.com
09-03-2024,6766,Jonathan Rivera,397.44,robertsmaria@hotmail.com
04-03-2024,3410,Hannah Ballard,496.53,anthonystewart@zavala.com
12-03-2024,2214,Meghan Kennedy,104.97,janetrussell@clark-parker.net
14-03-2024,1486,Megan Pratt,419.65,jillmckinney@glover.com
06-03-2024,6800,Angela Johnson,77.59,oliviapeterson@hotmail.com
09-05-2024,8403,Melissa Park,397.7,klarson@hotmail.com
05-03-2024,2767,Benjamin Wolf,476.11,udelacruz@peterson-smith.com
10-06-2024,9184,Joshua Le,88.09,andrew55@yahoo.com
24-01-2024,4895,Michael Howard,183.33,dgomez@gmail.com
26-02-2024,7403,Juan Butler,439.62,carolyncurry@torres.info
13-02-2024,9714,Jacqueline Walker,290.73,mcclainjerry@yahoo.com
28-02-2024,2572,Katherine Garrett,444.97,sarah06@yahoo.com
04-01-2024,3773,Jesus Hall,498.92,ilewis@adkins.com
28-04-2024,5162,Tracie Vaughn,472.44,joshuagallagher@burgess-thompson.biz
01-02-2024,4342,Ryan Daniel,378.2,davidwebster@gmail.com
01-04-2024,3546,Robin Silva,85.43,lewisian@acosta.org
11-06-2024,6848,Stacey Booth,157.33,nicholas16@yahoo.com
14-04-2024,6457,Steven Hill,447.11,dgonzalez@hotmail.com
28-05-2024,8977,Tim Fernandez,243.49,hayesnicole@hotmail.com
22-02-2024,9231,Gregory Cordova,67.17,valeriegray@thomas.info
16-05-2024,2089,Jason Evans,279.65,nrichards@hopkins.com
25-03-2024,4665,Barbara Fitzgerald,66.92,hartmantara@hotmail.com
25-04-2024,8847,Jennifer Mendez,367.3,vanessa95@yahoo.com
16-03-2024,2950,Christopher Horn,159.24,jennifercampbell@flores-meza.com
09-01-2024,7288,Crystal Ortega,158.83,phillipsangela@yahoo.com
22-05-2024,1852,Joshua Davis,403.8,jordanterri@hotmail.com
16-05-2024,9951,Tyler Graves,358.46,jordan20@yahoo.com
21-02-2024,1241,Justin Nelson,119.13,stephenaguirre@hotmail.com
08-01-2024,2446,Devin Leon,114.14,lancequinn@sandoval.info
28-05-2024,4117,Kyle Anderson,95.81,lisabauer@hamilton-torres.com
12-01-2024,1242,Russell Hicks,280.15,nelsonnicholas@hotmail.com
22-01-2024,1587,Justin Salazar,417.69,wongbryan@blankenship-miller.info
06-04-2024,4883,Kayla Gonzalez,497.08,ronald77@holmes-richard.com
14-03-2024,4325,Jasmine Rojas,451.87,cooperthomas@smith.com
26-02-2024,4806,Benjamin King,124.68,icobb@yahoo.com
27-03-2024,9934,Jason Wolf,100.52,alawson@yahoo.com
10-05-2024,9767,Danielle Booth,244.17,brad83@martin.com
07-01-2024,1599,Jessica Reed,223.57,tammysoto@sullivan.org
05-03-2024,4154,Margaret Guerrero,216.37,watkinsmichael@gmail.com
01-02-2024,4676,Amanda Johnson,335.97,karentate@cox-parsons.com
05-05-2024,2510,Tyrone Wood,289.33,duncansteven@gmail.com
22-01-2024,9224,Chloe Holland,404.64,jacksoncynthia@yahoo.com
19-02-2024,8490,Julie Hughes,274.9,utaylor@padilla.com
24-03-2024,4965,Vincent Williams,474.96,smithsamantha@gmail.com
29-04-2024,7736,Raymond Mcpherson,222.27,eedwards@yahoo.com
17-04-2024,7501,Joseph Morales,194.26,huynhkyle@gmail.com
09-01-2024,7456,Brent Garrett,61.78,hardikspatil17@gmail.com
08-01-2024,7496,Amy Murray,448.73,vmcdonald@yahoo.com
22-03-2024,8379,Douglas Tyler,147.64,gavinhall@yahoo.com
01-02-2024,2406,Steven Cervantes,128.67,washingtondana@yahoo.com
01-03-2024,2233,Christina Lara,81.29,alison08@gmail.com
26-01-2024,9341,Alyssa Hayes,341.15,patrick92@hernandez.com
27-05-2024,6462,Kathryn Reed,189.74,priceeric@hernandez.com
22-05-2024,7990,Justin Chan,477.51,deborah29@williams-gonzalez.info
13-02-2024,4554,Ashley Johnson,120.32,felliott@hotmail.com
05-04-2024,5066,Joseph Reed,400.6,stephen66@gmail.com
17-05-2024,2007,Stephanie Carr,348.07,croy@sharp-porter.com
30-04-2024,8160,Richard Smith,268.63,moorelisa@smith-sanchez.com
12-03-2024,5755,Lisa Davis,289.64,malik61@hotmail.com
04-04-2024,6993,Megan Myers,303.14,nross@yahoo.com
02-05-2024,5361,David Monroe,245.09,teresamcdaniel@miller.com
29-05-2024,3568,Melissa Green,417.01,jaredparsons@carter-johnson.com
05-02-2024,1342,Susan Luna,354.67,esawyer@hotmail.com
28-01-2024,9919,Amanda Hernandez,379.1,monique97@hotmail.com
30-05-2024,3206,John Tucker,283.88,hscott@cross-simmons.com
08-04-2024,3955,Kurt Hawkins,65.21,steven77@waters-flores.com
26-04-2024,3415,Jeanette Jones,105.85,keith73@yahoo.com
28-02-2024,1579,Nancy Jackson,359.36,vberg@hotmail.com
26-02-2024,2266,Katie Perry,422.14,erika48@yahoo.com
23-04-2024,5179,Walter Dixon,457.72,qgarcia@turner-watson.com
27-01-2024,2581,Justin Smith,337.23,caitlin44@yahoo.com
19-04-2024,6857,Carlos Turner,401.74,mullenjoshua@hotmail.com
28-01-2024,6596,Eric Vega,469.03,beth06@hotmail.com
07-02-2024,4326,Marcia Oconnor,480.76,callahandennis@gmail.com
06-02-2024,3986,Katelyn Tyler,290.97,joycecharles@hotmail.com
08-02-2024,5803,Dylan Bass,245.62,kenneth37@yahoo.com
15-03-2024,7078,James Johnson,470.55,gomezallison@flores-brown.com
07-04-2024,1245,Amanda Howard,418.96,kellygross@yahoo.com
08-05-2024,5564,Elizabeth Watkins,260.36,shelleygomez@day.info
01-05-2024,9138,Andre Rivera,282.5,michael36@gmail.com
10-04-2024,4928,Cheryl Carroll,241.66,rberry@wright.com
12-04-2024,1738,Jillian Pugh,464.33,joshualee@hotmail.com
25-03-2024,3709,Mary Chan,366.68,erin99@wong.com
02-06-2024,3902,Nicholas Washington DVM,188.73,robert32@gmail.com
06-03-2024,4250,Brandon Delgado,366.77,cassandradavis@gmail.com
26-01-2024,2160,Mark Vasquez,276.61,reedelizabeth@tate.com
13-04-2024,6217,Heidi Sanchez,88.37,terryjessica@hotmail.com
24-01-2024,6742,Angela Contreras,478.48,williamspaige@reyes.com
29-04-2024,6322,John Fuentes,259.09,bowmandavid@smith.org
11-01-2024,1966,Jessica Harris,163.55,zlopez@hotmail.com
17-05-2024,2780,Laurie Kelley,231.9,emily19@cook.com
24-04-2024,5801,Patricia Clark,275.3,timothy48@hotmail.com
01-01-2024,1133,Antonio Ruiz,167.78,scott79@ware.com
07-02-2024,9053,Matthew Martinez,323.21,evan02@yahoo.com
20-03-2024,2224,Jay Wong,187.86,elizabethkaufman@lewis-sanders.com
07-04-2024,6985,Zachary Mejia,197.82,rosecrystal@brown-gaines.biz
07-03-2024,8683,Nicole Deleon,299.6,donaldrivera@yahoo.com
15-01-2024,4330,Brittany Martin,184.73,james75@sanchez-adams.com
04-03-2024,6648,Adriana Perez,95.86,vanessamunoz@rivera.com
10-06-2024,3210,Walter Dixon,219.34,hoganbrenda@gmail.com
29-03-2024,4592,Emma Stanton,235.72,huntbrooke@yahoo.com
03-05-2024,4862,Peter Scott,215.98,ashleygilmore@yahoo.com
01-05-2024,1199,Kelly Luna,464.56,fcox@hall-nelson.com
15-01-2024,2932,Debbie Evans,54.29,iberry@phillips.com
05-03-2024,3122,Angela Miller,465.95,ebrown@stephens-sosa.com
26-03-2024,4165,Nicole Brock,105.07,kingbriana@gmail.com
11-03-2024,5603,Marissa Collins,314.77,heather16@hotmail.com
01-06-2024,1907,James Allen,52.89,qwilson@leach-diaz.com
21-03-2024,6947,Madison Allen,190.15,alex18@gmail.com
22-02-2024,2193,Anita Williamson,394.43,josehester@yahoo.com
26-03-2024,5171,Rebecca Mooney,253.45,zgilbert@hotmail.com
24-01-2024,1951,Dr. Heather Gilbert MD,136.02,petersoscar@gmail.com
05-01-2024,8760,Dennis Miller,173.85,hickssuzanne@yahoo.com
25-05-2024,3046,Grace Ramos,417.11,margaretchapman@ware-wade.net
15-03-2024,5552,Briana Reed,462.15,dday@davis-jenkins.org
05-06-2024,6302,Sean Hansen,159.17,msullivan@haynes-wright.org
22-05-2024,4924,Bryce Harvey,201.12,thomasdanielle@stone.com
18-05-2024,3584,Christian Velasquez,485.67,thomasmatthew@yahoo.com
10-06-2024,9143,Holly Jensen,88.63,qpalmer@yahoo.com
04-05-2024,4564,Tammy Williams,111.26,bsimpson@cole.com
22-02-2024,6116,Jordan Williams,250.43,denniscraig@norman.com
24-02-2024,2737,Jean Robbins,370.24,debbie46@choi.com
04-02-2024,1037,Matthew Fuller,220.5,david92@sutton.com
13-01-2024,8385,Eric Vega,457.74,ejohnson@coleman-sullivan.com
07-01-2024,6271,Carolyn Chambers,235.93,dana36@griffin.com
26-03-2024,3166,Theresa Porter,209.68,sarah43@gmail.com
24-05-2024,8642,Donna Hughes,257.56,ksmith@brown.com
09-02-2024,5987,John Fuentes,455.69,umurphy@mahoney.com
30-01-2024,7316,Jennifer Taylor,252.43,karen32@yahoo.com
11-06-2024,6455,Carolyn Huff,153.99,betty05@becker.net
03-04-2024,6484,Dale Richards,78.32,andersonanna@harrington.com
22-04-2024,1366,Mitchell Adams,468.61,carlycoleman@thompson-mcdaniel.com
03-01-2024,6438,Cassie Boyd,465.96,stewartshari@garza.com
09-05-2024,1911,Christina Smith,92.24,dustinlewis@davis.com
24-02-2024,6247,Jody Wagner,381.28,eric12@hotmail.com
15-03-2024,5995,Stephanie Franco,194.51,iwilson@gmail.com
11-01-2024,8251,Beth Perry,368.49,ramirezcatherine@smith-cox.com
31-03-2024,4141,Jodi Hall,251.79,zsullivan@moore.com
30-03-2024,9427,Taylor Mitchell,346.47,kimberly72@yahoo.com
30-03-2024,2489,Rachel Bailey,52,mooreaaron@hotmail.com
19-04-2024,5381,April Hernandez,459.14,lauriepeterson@hotmail.com
15-01-2024,8020,Allison Davis,499.33,rubenfarrell@gmail.com
08-05-2024,7596,Adam Key,342.16,qwatkins@bean.net
05-01-2024,7375,Jesus Sanchez,465.92,wilsonrebecca@hotmail.com
19-03-2024,8622,Jose Bailey,451.44,millsjasmin@carpenter.biz
19-02-2024,4507,Daniel Peck,80.47,iashley@hotmail.com
21-04-2024,7096,Sarah Wade,162.34,odaniel@tucker.com
03-02-2024,6702,Kevin Bennett,434.82,jodi56@yahoo.com
13-01-2024,3751,Jessica Lloyd,99.09,nicolehoffman@yahoo.com
08-02-2024,9759,Jessica Gill,442.76,kevinfields@wilcox.com
17-05-2024,2916,Michael Shaw,266.02,lucas96@yahoo.com
18-05-2024,4548,Kathryn Sandoval,240.91,amandaschaefer@alvarado.com
27-04-2024,6236,Jenny Lewis,69.88,tammydiaz@monroe-williams.info
06-04-2024,8417,Lisa Espinoza,100.89,hsilva@johns.com
10-02-2024,5397,Kristen Robinson,210.89,hhernandez@gmail.com
26-05-2024,9098,Jodi Austin,100.2,vreed@rose-guzman.biz
23-05-2024,1720,Beverly Bailey,448.06,znelson@jones.net
16-05-2024,4981,Joseph Smith,379.05,kylebrown@gmail.com
18-05-2024,2341,Jenny Hoffman,414.84,timburton@bennett.info
01-01-2024,5128,Michele Romero,237.46,joseph49@burton.com
28-03-2024,3581,Mary Meadows,50.33,gonzalezfrank@gmail.com
19-05-2024,9922,Scott Garcia,70.03,matthewanderson@taylor-gonzalez.net
21-05-2024,8083,Thomas Smith,427.58,trogers@gmail.com
12-05-2024,3211,Tyler Lewis,302.25,clarknorma@cooke.com
09-03-2024,6295,Meghan Kennedy,70.26,ryan41@ellison.com
31-03-2024,8564,Daniel Jensen,50.56,elizabethadams@yahoo.com
03-03-2024,9290,Jim Bullock,222.61,michellecampbell@hotmail.com
06-02-2024,9004,Jamie Steele,306.31,rkelly@yahoo.com
02-05-2024,7846,Carly Nunez,135.99,taylorcatherine@melton.biz
08-05-2024,6430,Ashley Clark,233.52,kelli92@stanley.com
11-05-2024,6905,Brandi Thomas,189.51,jillian47@richardson-roberts.org
10-01-2024,2203,Erik Stephens,270.59,sheilahorton@hotmail.com
21-03-2024,1693,Daniel Rose,346.13,courtney81@jackson-wall.biz
22-01-2024,5586,Rebecca Cunningham,200.96,mpreston@hotmail.com
31-01-2024,5255,Lisa Camacho,462.21,wmayo@duarte-miller.com
27-05-2024,6914,Mitchell Carlson,344.49,james39@gmail.com
26-04-2024,6449,Michael Douglas,409.13,figueroarachel@elliott-carr.com
05-06-2024,2991,Aaron Lawson,379.57,wrogers@lucas.com
05-01-2024,1206,Priscilla Parker,72.58,robert69@yahoo.com
02-06-2024,3803,Lauren Lyons,374.22,ijones@jacobson-gonzales.info
17-03-2024,8191,Jesse Maldonado,440.03,orrvirginia@hotmail.com
29-01-2024,5141,Daniel Page,181.22,zhangdaniel@hotmail.com
16-03-2024,5311,Michael Knox,361.92,tammywallace@morrison.com
11-01-2024,3417,Michael Hull,267.47,daniellephillips@gmail.com
01-06-2024,9486,Angela Contreras,205.33,anthonygregory@mejia-green.com
31-01-2024,6957,Richard Dorsey,496.26,jhall@hotmail.com
19-05-2024,5737,Rodney Munoz,326.53,robertmoore@phillips.com
12-05-2024,6086,Mark Young,114.45,prodriguez@morgan.biz
21-04-2024,2386,Michael Pearson,173.66,tamara46@gmail.com
31-01-2024,7715,April Shah,302.15,brian89@yahoo.com
25-04-2024,1396,Darren Ross,80.8,samuelgibson@zimmerman.net
16-05-2024,4528,Sharon Craig,210.67,ddavis@yahoo.com
18-03-2024,6117,Mark Bartlett,293.93,robert81@gmail.com
02-04-2024,3157,Elizabeth Jenkins,337.6,jennifermorrow@hotmail.com
08-05-2024,6787,Eric Parker,399.49,carly22@yahoo.com
27-01-2024,7898,Jacob Reed,329.04,ithomas@hotmail.com
26-01-2024,9774,Brenda Hughes,154.6,robertpark@johnson.info
30-01-2024,5535,Greg Ballard,412.35,john59@hotmail.com
23-01-2024,8112,Laura Rocha,174.78,maryhudson@yahoo.com
10-01-2024,8822,Taylor Whitaker,343.09,murphyeric@miller-erickson.com
18-04-2024,9288,Briana Reed,492.15,robert55@daniels.com
18-05-2024,3859,Timothy Hutchinson,459.6,jphillips@garcia.net
25-02-2024,6434,Sarah Medina,314.7,danielmorrison@yahoo.com
28-04-2024,9296,Daniel Anderson,379.23,tmeyers@gmail.com
04-01-2024,7815,Nicholas Gonzales,65.22,nriley@yahoo.com
19-02-2024,3966,Amanda Fisher,97.23,shahjacob@yahoo.com
02-05-2024,6981,Susan Nelson,351.12,carrieelliott@gmail.com
20-04-2024,4121,Douglas Riley,270.32,michael88@hotmail.com
25-01-2024,5073,Jerry Williams,337.88,alison50@yahoo.com
22-03-2024,8290,Jason Washington,353.47,andrewwatkins@yahoo.com
19-05-2024,4037,Elizabeth Hamilton DDS,72.76,ebrown@yahoo.com
12-02-2024,7273,Rose Berger,421.14,allenkaren@yahoo.com
05-02-2024,8619,Rebecca Casey,237.46,uroberts@yahoo.com
20-04-2024,2583,Joseph Hutchinson,101.08,zsmith@yahoo.com
13-04-2024,9848,William Medina,141.06,lisacooper@lee.net
22-04-2024,2084,Jose Jones,396.6,timothyhensley@nash.com
25-04-2024,4426,Jason Medina,277.56,nnixon@hotmail.com
03-03-2024,7417,Christopher Ho MD,495.04,jeanmartin@yahoo.com
03-03-2024,6595,Mrs. Jodi Savage,337.37,todd26@black.biz
31-01-2024,2810,Katherine Johnson,192.55,taravasquez@gill.info
20-01-2024,4030,Jennifer Davis,441.1,martineznichole@hotmail.com
29-02-2024,6826,Gregory Harrell,152.35,ethan63@gmail.com
17-04-2024,8090,Charles Reed,292.83,amyjones@scott.com
26-02-2024,6219,Jonathan Jones,408.61,gavin73@hotmail.com
24-04-2024,6510,Randy Armstrong,62.68,jerry28@garcia.com
24-01-2024,1920,Angela Contreras,52.37,kevingonzales@gmail.com
03-05-2024,4987,Courtney Mckinney,207.77,emoore@watson.com
15-04-2024,3135,Justin Thompson,213,watsonmichael@chavez.biz
08-04-2024,2589,John Fuentes,87.17,manuelwaller@hotmail.com
22-05-2024,9473,Michael Harvey,145.18,timothysmith@barr.com
23-03-2024,4344,Tommy Garcia,97.26,carolinecox@barton.com
08-01-2024,5553,Michelle Turner,96.31,mcdonaldashley@hotmail.com
11-02-2024,4148,Jonathan Knight,465.67,crivera@chambers.com
08-03-2024,2545,Briana Reed,455.26,marshrichard@gmail.com
22-03-2024,8769,Lisa Ramsey,100.4,melissamann@haney.com
02-05-2024,9323,Scott Shelton,275.72,ericahamilton@yahoo.com
11-02-2024,3739,Paula Stone,271.09,janetjimenez@romero.net
07-06-2024,8527,Christopher Jenkins,74.42,mary22@ho.com
26-02-2024,8832,Kyle Tucker,96.96,fosborne@carrillo.com
09-03-2024,6622,Jessica Oliver,463.32,andreakim@hotmail.com
02-04-2024,9944,Thomas Walker,350.35,xavier48@peterson-hale.com
22-03-2024,6355,Andrew Steele,173.03,swansonleslie@hotmail.com
15-02-2024,2617,Johnny Ryan,236.72,jeffrey27@hotmail.com
09-04-2024,5654,Keith Pierce,283.41,james90@yahoo.com
07-03-2024,2862,Mrs. Tina Patterson MD,251.88,valdezluis@tran-dennis.com
24-02-2024,9209,Megan Schmidt,148.93,tony63@hotmail.com
27-04-2024,9395,Charles Watkins,495.65,adam22@gmail.com
21-01-2024,6862,Erica Turner,193.82,nelsonmaria@gmail.com
10-03-2024,2868,Barry Ochoa,357.68,bonnie57@wall-becker.net
16-02-2024,7890,Brandi Lee,85.52,peter94@waller.com
15-02-2024,2116,Christopher Thomas,367.76,andrewsdavid@khan.com
31-03-2024,7308,David Benitez,302.15,jasoncook@long.com
17-01-2024,4527,Kari Willis,271.76,thompsonjason@powell-greene.com
21-05-2024,2664,Kelsey Young,317.75,madison66@lawrence.com
18-03-2024,8726,Kenneth Raymond,463.64,xfrank@collins.info
05-06-2024,6612,Edward Campbell,177.41,matthew36@yahoo.com
17-05-2024,1781,Jennifer Garcia,189.08,qspence@melendez-king.org
20-02-2024,6976,Thomas Torres,202.77,sanchezlaura@gmail.com
31-03-2024,3454,Dawn Miller MD,379.34,rcarter@hotmail.com
10-03-2024,1190,Stephanie Myers,260.54,mcclainpaul@gmail.com
06-04-2024,4501,Kyle Hughes,317.98,dcamacho@snow.com
20-02-2024,6879,Lauren Weaver,408.93,richard89@herrera.info
04-03-2024,8748,Keith Hurley,83.57,carly80@yahoo.com
15-01-2024,2769,Brian Rogers,349.53,tcook@gonzalez-rodriguez.info
21-01-2024,4316,Jacqueline Shelton,97.66,tracypeterson@hotmail.com
29-05-2024,7591,Michael Brown,107.38,cherylunderwood@gmail.com
04-02-2024,2390,Carol Brown,130.82,katie33@lara.info
20-04-2024,9107,Anthony Morse,457.14,pball@gmail.com
19-01-2024,8533,Cameron Moreno,109.14,donnagreen@gmail.com
25-01-2024,9386,Rick Miller,456.22,kristie44@gmail.com
28-01-2024,1378,Gary Harvey,234.53,wagnermichelle@fernandez.com
28-03-2024,3111,Derek Ball,275.88,amiller@gmail.com
02-03-2024,8461,Christopher Smith,96.06,christopherwagner@collins.com
11-01-2024,4415,Elizabeth Holt,370.84,sheryl78@beard.biz
17-04-2024,1263,Debbie Wood,390.98,wbarnes@hotmail.com
24-05-2024,5818,Alexander Anderson,294.28,yburton@yahoo.com
17-01-2024,7193,Justin Stewart,115.05,parkerhannah@cherry.com
06-02-2024,6357,Elizabeth Rivas,181.68,rebeccakoch@brown.com
01-04-2024,3589,Derek Knight,470.95,ele@watts.com
29-05-2024,7615,Jacob Bryant,474.12,kristintaylor@hotmail.com
26-01-2024,1580,Brandi Stanley,55.81,daniel30@glenn-hernandez.com
28-05-2024,9099,Darren Ross,64.98,bburnett@yahoo.com
02-06-2024,5072,Kevin Cantu,199.46,nicholascopeland@hotmail.com
16-03-2024,2283,Christopher Wright,444.19,vanessahuang@reese.com
18-03-2024,6316,Dennis Nguyen,370.71,moranmark@yahoo.com
13-01-2024,6100,Mark Lee,246.5,nchapman@lamb.com
03-05-2024,2900,Elizabeth Rogers,480.7,cranejoseph@sanchez.com
02-05-2024,3667,Alexis Martinez,159.11,walkererica@humphrey.com
23-01-2024,9162,Paul Owen,213.86,sullivantodd@yahoo.com
07-02-2024,3103,Michelle Morris,232.44,jonathanjackson@gmail.com
14-04-2024,5096,Laurie Phillips,234.63,stricklandwilliam@hotmail.com
20-03-2024,3578,Jessica Kerr,76.42,krista43@santiago.com
03-06-2024,4433,Henry Williams,414.63,melanie00@brown.com
04-03-2024,8282,Michael Miller,386.8,vjoyce@russell.biz
25-02-2024,5440,Matthew Martinez,259.35,zbarron@scott.info
21-01-2024,1177,Rachel Brown,237.14,gillerin@jackson.com
23-02-2024,6075,Sean Thomas,343.36,jennifer25@yahoo.com
04-01-2024,1773,Cody Williams,227.62,omcneil@hotmail.com
15-04-2024,6757,Jill Davis,447.27,vasquezjesse@barnett.org
09-03-2024,1141,Thomas Mcmillan,453.49,breyes@gmail.com
10-01-2024,2993,Vickie Garcia,284.3,barbarafranklin@taylor.com
05-01-2024,5652,Angela Hunt,439.75,butleremily@osborn-moore.info
31-05-2024,8438,Keith Christian,244.8,xclark@wade.net
25-01-2024,9625,Samantha Jimenez,145.68,osmith@hotmail.com
17-01-2024,8127,Jessica Fisher,167.95,kristina29@gmail.com
24-01-2024,2176,Martha Jacobs,208.55,kevinsmith@gmail.com
26-01-2024,2644,Robert Moore,402.17,joanhunter@rivas-jackson.com
16-05-2024,5875,Amanda Peters,232.31,tray@howard.com
11-06-2024,2182,Sarah Phelps,369.85,morenostacy@hotmail.com
28-04-2024,3591,Brandy Harris,292.38,mooreashley@gmail.com
18-01-2024,1414,Patrick Ellis,217.57,joannacolon@richards-moore.org
21-01-2024,4699,Mrs. Wanda Hopkins,210.94,daniel71@martinez.org
09-05-2024,2856,Jennifer Haley,219.02,cheryl08@hotmail.com
18-02-2024,1838,Monica Cole,95.22,josephmclaughlin@yahoo.com
19-04-2024,6232,Brenda Adams,104.14,john78@manning.com
30-03-2024,1641,Megan Johnson,284.97,michelle46@hotmail.com
17-01-2024,6324,Vincent Hampton,442.8,wmontgomery@webster.com
18-02-2024,7352,Anna Dennis,335.76,sandrasmith@martinez.com
18-02-2024,3104,Christine Anthony,439.95,vkelly@perkins.biz
04-06-2024,1276,James Barr,304.75,briggspeter@fisher.net
16-03-2024,9084,Joseph Hernandez,464.84,juliatravis@yahoo.com
18-01-2024,5916,April White,289.41,smithandres@lee.org
05-01-2024,6919,Deborah Raymond,101.11,brewerwhitney@gmail.com
29-01-2024,8206,Regina Cameron,379.12,saravang@diaz-smith.net
13-04-2024,6033,Justin Salazar,119.82,georgejordan@houston-douglas.org
28-04-2024,3194,Thomas Miller,260.59,ewatkins@jackson.net
24-01-2024,2474,James Beck,478.23,richardsonelizabeth@gmail.com
10-03-2024,4793,David Jackson,394.88,etaylor@cherry-white.biz
31-03-2024,1684,Tyler Allen,250.49,weissmitchell@knight.biz
24-05-2024,1203,Logan Jordan,183.88,potterjoseph@gonzalez.com
16-04-2024,1524,Darren Ross,385.69,walter17@miller-rivera.biz
30-01-2024,8419,Casey Clark,155.81,qdunlap@hotmail.com
06-06-2024,6833,Cathy Johnson,139.51,lindsay17@hotmail.com
08-03-2024,6358,Kenneth Camacho,476.35,ericjones@yahoo.com
17-02-2024,9881,Latoya Hernandez,277.92,roy53@hotmail.com
25-02-2024,6267,Lindsay Smith,67.66,donaldrubio@wells.com
28-04-2024,9730,Dylan Perez,69.22,nfloyd@yahoo.com
31-03-2024,5858,Jennifer Mcdowell,380.87,christopher82@jackson-garcia.org
27-03-2024,4972,Randy Murphy,216.35,guerrapatrick@keith.com
09-01-2024,1494,Andrew Byrd,278.09,sandra09@yahoo.com
07-06-2024,9173,Donna Cummings,311.9,ricardohill@rodriguez-hernandez.com
18-04-2024,3928,Danielle Nelson,210.03,laurenanderson@gmail.com
02-06-2024,3936,Brian Chen,326.64,cohendeanna@hale-chang.net
03-03-2024,8075,Kyle Jenkins,234.56,donnahaynes@gmail.com
09-03-2024,3000,Patrick Hayes,483.86,paulrussell@hotmail.com
18-03-2024,1069,Tamara Barnes,222.24,robertayala@yahoo.com
10-03-2024,9574,Dr. Peggy Lee,477.21,ylowery@gmail.com
18-04-2024,9783,Zachary Thompson,304.98,jamesrusso@mills.com
12-04-2024,9992,Jeremy Coleman,455.98,susanmiller@yahoo.com
09-01-2024,6433,John Howard,165.95,jhart@yahoo.com
30-03-2024,9277,Robert Hunter,61.27,kellyparker@gmail.com
28-02-2024,7330,Rodney Miller,264.15,sextonbrandon@tran.com
12-02-2024,5228,Elizabeth Fowler,117.36,jessica94@brown.com
01-03-2024,2104,Collin Tran,128.78,oortiz@summers.biz
05-05-2024,3509,Justin Salazar,349.25,douglas02@gmail.com
24-05-2024,6690,Nichole Hinton,288.23,brookewilliams@mcneil.com
26-03-2024,2322,Jennifer Simmons,121.49,james37@yahoo.com
17-04-2024,8320,Mr. Allen Hicks,340.6,sanchezhector@hill.com
10-04-2024,1057,Maria Taylor,489.16,brianmurphy@chambers.org
31-05-2024,3548,Rachel Ross,210.78,gatestamara@hotmail.com
06-01-2024,3247,Amanda Villarreal,292.16,vpreston@mcdonald.com
26-04-2024,4743,Whitney Johnson,74.84,lkramer@nguyen-hobbs.biz
16-03-2024,8842,Jonathan Shelton,239.31,kelly71@gmail.com
03-06-2024,9140,James Reed,102.34,elizabethle@keith-sandoval.com
09-04-2024,6050,Krista Strickland,277.23,murphydwayne@hotmail.com
29-04-2024,8604,Melissa Koch,387.47,melissa59@yahoo.com
17-02-2024,4125,Lauren Watkins,344.28,rachelhansen@fernandez-watts.biz
09-01-2024,3700,Jonathan Bishop,64.37,madison58@ellis.biz
05-04-2024,6894,Maria Randolph,290.19,jeanette84@yahoo.com
09-02-2024,9131,Rebekah Smith,90,lovemargaret@hotmail.com
22-05-2024,7626,Michele Montoya,131.94,teresamitchell@bryant.net
14-04-2024,8247,Jaime Hardy,323.47,andrew89@rowland-weiss.com
27-05-2024,6662,Dawn Stout,67.87,staciecummings@hotmail.com
22-01-2024,6717,Denise Wilson,94.48,alarson@hotmail.com
06-05-2024,8466,Eric Vega,374.65,taylorchristopher@mcdaniel-fischer.com
26-05-2024,2123,Keith Christian,57.46,villarrealbrian@yahoo.com
20-05-2024,9243,Matthew Thompson,146.6,robinsonwilliam@gmail.com
22-04-2024,1493,Mr. John Thompson Jr.,189.82,richardsonrichard@gmail.com
19-02-2024,5931,Roberta Underwood,86.38,danielle62@yahoo.com
18-05-2024,2285,Michaela Salazar,250.43,lhoward@yahoo.com
06-04-2024,1766,Rebecca Fry,299.53,duanegonzalez@hotmail.com
02-06-2024,4477,Tina Phillips,373.59,ecolon@gmail.com
25-05-2024,6513,Kyle Lane,466.95,goodmanlori@yahoo.com
13-03-2024,1432,Jaime Howard,88.29,ybrown@moore-martin.com
15-04-2024,9399,Melody Miller,72.7,dwilson@ramirez.com
23-05-2024,7166,Matthew Parker,90,ijohnson@martinez-hernandez.biz
01-02-2024,3180,Jennifer Garcia,107.87,wwilson@wu-buchanan.com
13-04-2024,5673,Riley Brown,493.3,michelleclark@hotmail.com
21-04-2024,4596,Victoria Lee,273.41,mfrost@gmail.com
04-02-2024,1105,Megan Johnson,202.86,idelacruz@yahoo.com
07-06-2024,2133,Christopher Gonzalez,245,benjaminmiguel@robertson-long.org
18-04-2024,4738,Emily Garcia,273.27,harrisonbrooke@yahoo.com
11-01-2024,7512,Mark Hunter III,175.1,obrientroy@hernandez.com
17-01-2024,3827,Crystal Dawson,60.31,echristensen@torres.com
25-03-2024,4779,Angela Miles,326.4,kimberly37@foley.com
02-06-2024,3163,Paula Stone,330.99,holdenrandall@smith.info
07-01-2024,7159,Kathryn Reed,279.29,fwilliams@yahoo.com
02-02-2024,5650,Sharon Craig,171.75,bishopmelissa@yahoo.com
02-01-2024,6112,James Zimmerman,64.55,trodriguez@jones.com
06-01-2024,4262,Kathryn Reed,459.92,rramirez@martin-black.biz
01-06-2024,5373,James Burns,51.2,scotttran@yahoo.com
12-01-2024,3345,Larry Walls,245.5,gsingh@gmail.com
04-01-2024,5757,Jacqueline Stone,320.22,julie43@martinez.info
04-02-2024,9619,Joshua Ramirez,349.22,joanna05@yahoo.com
03-05-2024,8010,Katie Graham,344.43,matthewsdaisy@hotmail.com
14-03-2024,9879,Maria Johnson,490.32,pscott@moore.com
29-04-2024,6875,Mr. Todd Johnson,156.87,michael76@hotmail.com
06-01-2024,3353,Alison Wheeler,65.61,misty46@tucker-freeman.org
07-05-2024,5095,Kylie Miller,300.33,tsmith@yahoo.com
11-06-2024,2134,Jose Allen,128.47,johnsconnor@villanueva-byrd.com
21-04-2024,7585,Melissa Bauer,372.11,heather00@yahoo.com
25-05-2024,3290,Benjamin Thomas,205.39,wilsonsarah@nelson.com
08-04-2024,6473,Lisa Shah,251.29,xharris@yahoo.com
02-02-2024,1973,Cassandra Marquez,404.22,sharonhuynh@gmail.com
17-04-2024,1996,Ann Gomez,59.3,dennis32@yahoo.com
09-06-2024,4435,Carl Wilkinson,479.98,christinasolis@hotmail.com
12-02-2024,3715,Samantha Erickson,281.54,bryantmegan@yahoo.com
22-05-2024,2787,Amber Moss,267.73,fosterkelly@johnson.net
10-06-2024,9916,Carolyn Hester,213.89,shanehunt@gmail.com
27-04-2024,9909,Melissa Cooper,306.34,christopher91@gomez.com
07-03-2024,6611,Eric Vega,372.24,lee88@johnson.info
03-02-2024,5090,Patricia Jackson,192.47,lclark@west.com
01-03-2024,3155,Courtney Charles,420.56,ortizchristy@barker.com
02-02-2024,4962,Dr. Edward Bates DDS,491.03,jeremycraig@thompson.biz
10-02-2024,1481,Brandon Ponce,394.82,edwardsjames@gmail.com
02-01-2024,5630,Olivia Marquez,128.35,maloneedwin@gmail.com
03-05-2024,4495,Levi Little,114.2,hannah23@yahoo.com
14-03-2024,4803,Megan Johnson,80.8,lclayton@simpson.net
15-05-2024,4573,Whitney Daniels,497.54,yanghaley@gmail.com
07-05-2024,2909,Hannah Wade,364.01,jholt@cardenas.com
03-01-2024,4525,Brad Stokes,491.01,griffithbryan@gmail.com
13-02-2024,9593,Tiffany Smith,58.91,nathan55@glover-gallegos.info
16-04-2024,5898,Meghan Kennedy,294.42,carlsondustin@gmail.com
16-05-2024,8211,Melissa Smith,491.63,dwaynemcclain@gmail.com
02-01-2024,9128,Breanna Anderson,206.95,ericdodson@parker.com
10-04-2024,8677,Jennifer Garcia,248.24,cindy73@fleming.com
21-04-2024,5403,Erik Nelson,358.34,matthewsharp@velez-grant.com
20-01-2024,4472,Amy Hicks,185.14,williamsjoseph@yahoo.com
08-03-2024,6506,Michael Thompson,92.11,coxkathy@yahoo.com
05-06-2024,1237,Erik Stevens,328.82,vanessa53@yahoo.com
03-02-2024,1393,Dawn Robinson,232.13,dennis33@yahoo.com
26-05-2024,2838,David Brown,325.98,thomashunt@gmail.com
21-02-2024,4442,Martin Taylor,253.46,john31@nichols.org
07-05-2024,9268,Jesse Brennan,478.7,audrey56@wang.com
02-06-2024,3949,Kenneth Dunn,163.24,edwin73@matthews-ayers.com
18-05-2024,1158,Melissa Savage,429.07,jenniferrivera@hotmail.com
08-05-2024,5049,Brian Hall,133.85,vthornton@hotmail.com
01-06-2024,8274,Nathan Hickman,471,caitlyn28@gmail.com
03-04-2024,8875,Gary Gonzalez,149.5,qhayes@gmail.com
20-01-2024,1362,Angela Hunt,163.26,stephaniecurtis@gmail.com
21-03-2024,2171,Tara Harvey,259.53,bmcdonald@jordan.biz
06-06-2024,6657,Dr. Taylor Campos,402.22,kimberlystewart@ferguson.info
18-02-2024,6010,Heather Brooks,134.67,autumn27@hotmail.com
24-02-2024,2611,Christina Turner,455.97,jalexander@hotmail.com
22-02-2024,7513,Terri Quinn,119.37,samantha74@hotmail.com
04-03-2024,6465,Gina Little,78.58,matthew25@burton.com
15-04-2024,5320,William Garrett,144,zfox@kaiser.com
01-01-2024,3961,Kenneth Kelly,463.87,jharrison@kelly-taylor.com
04-03-2024,8483,Tracie Chan,333.54,wcook@gmail.com
24-05-2024,8837,Jose Marks,259.35,stephenford@daniels-moss.com
23-04-2024,7643,Brandi Camacho,249.39,gonzalezlisa@benitez.net
12-05-2024,1856,Patrick Sanchez,462.13,reedrobert@gmail.com
08-04-2024,9161,Jeffrey Mitchell,251.88,sarahlewis@yahoo.com
16-01-2024,4202,Joshua Page,90.92,ashley17@hotmail.com
19-04-2024,8545,James Schroeder,452.07,nicholasgray@yahoo.com
26-03-2024,4810,Kristen Sullivan DDS,319.92,nortonjared@crawford-hurley.com
22-03-2024,7218,Rebecca Mooney,57.01,andrewanderson@gmail.com
04-03-2024,3752,Ashley Smith,135.18,kharris@hotmail.com
26-03-2024,3516,John White,489.04,mitchelldiana@gmail.com
03-02-2024,9962,Michael Kaufman,63.04,lparsons@gmail.com
25-02-2024,9167,Mary Long,292.01,awashington@woodard-carter.biz
10-03-2024,6752,Christina Serrano,141.44,kevinwells@wright-powell.com
05-03-2024,1058,Alexandra Galloway,302.86,changdarrell@gmail.com
11-01-2024,6664,Jennifer James,242.97,yvega@keller.com
05-03-2024,4872,Kimberly Roman,70.38,andersonveronica@yahoo.com
12-02-2024,8428,Anthony Montes,178.36,smithstephanie@yahoo.com
07-03-2024,8656,Timothy Guerrero,61.08,jill48@yahoo.com
01-02-2024,3322,Hannah Cameron,97.58,brandonzimmerman@ortiz.biz
10-06-2024,2534,Leslie Adkins,414.2,yvazquez@yahoo.com
20-05-2024,3923,Sarah Fuller,123.97,tracy66@yahoo.com
27-03-2024,7691,Victoria Mann,443.91,larsendiane@adams.com
17-04-2024,8115,Alejandro Roach,431.05,williamsonandrea@cardenas.biz
12-04-2024,6091,Cindy Wilson,423.83,hicksluis@yahoo.com
05-04-2024,2105,Sarah Wood,341.63,john24@gmail.com
26-05-2024,9109,Richard Jackson,170.13,kjohnson@george.com
24-04-2024,6851,Matthew Hodge,146.98,mauricewong@jones.info
15-01-2024,1550,Natasha Martinez,101.85,sbrown@sanchez.com
02-03-2024,9986,Melissa Holland,449.31,garzamonica@hotmail.com
07-04-2024,1332,Cesar Miller,326.1,austin88@yahoo.com
01-04-2024,9059,William Miller,447.86,timothy58@gmail.com
13-05-2024,1582,Zachary Eaton,248.74,chandlerbrian@gmail.com
01-04-2024,4604,Alexis Pope,154.78,fischerrobin@hotmail.com
14-03-2024,2668,Rebecca Mooney,223.52,jamie57@hotmail.com
05-02-2024,8965,Becky Schwartz,324.59,fjacobs@yahoo.com
24-03-2024,3109,Gregory Mcgee,95.68,wpeters@warner.net
16-01-2024,2192,William Deleon,167.87,peterturner@davis.net
23-02-2024,1341,Patricia Johnson,194.42,jamie65@hotmail.com
31-01-2024,3772,Derek Gonzales,338.22,keithheath@hotmail.com
03-01-2024,5158,Andrew Ruiz,243.71,scrosby@yahoo.com
20-05-2024,4715,Alexander Anderson,460.02,josephperez@roberts.com
28-05-2024,5670,Evelyn Rojas,50.37,woodsstephanie@brown.com
14-02-2024,4896,Amanda Figueroa,439.42,george97@hotmail.com
20-05-2024,7477,Ms. Andrea Davis DVM,489.68,jeremysmith@gmail.com
24-05-2024,3529,Matthew Howell,275.94,ijohnson@figueroa.net
11-05-2024,5612,Susan Monroe,215.86,zsmith@hawkins-white.com
13-03-2024,3302,Brett Galloway,129.76,sherrycurtis@gmail.com
04-05-2024,4876,Meghan Kennedy,142.94,williamsmichael@yahoo.com
10-06-2024,9474,Hannah Williams,293.62,melissa34@hotmail.com
06-02-2024,4853,Rebecca Mooney,58.51,robertharding@rose.org
16-04-2024,3891,Ashley Stone,325.43,gentryrobin@cooper.biz
27-03-2024,1788,Michael Phillips,471.59,justin84@yahoo.com
08-01-2024,5747,Paula Stone,66.51,cynthia93@morgan-chapman.com
13-02-2024,7971,Margaret Chase,269.49,stephenssusan@gmail.com
18-01-2024,9280,Jacob Klein,317.03,karengilbert@gmail.com
06-03-2024,7421,Justin Salazar,373.84,laura72@yahoo.com
30-01-2024,2373,Justin Sanchez,186.94,grantamy@benjamin.com
22-04-2024,7526,Leslie Hicks,456.83,gadams@luna.org
30-04-2024,5994,Cody Gonzalez,314.1,xhicks@yahoo.com
09-04-2024,5810,Crystal Beard,135.14,raymondmoore@hotmail.com
11-04-2024,1578,Gregory Zimmerman,122.59,rrios@hotmail.com
04-03-2024,3328,Jacob Chavez,215.83,carsonkevin@murray-jensen.net
07-03-2024,1871,Heather Dunn,353.82,gmcguire@yahoo.com
14-02-2024,3204,Megan Johnson,74.32,ngallegos@cordova-jones.com
20-02-2024,9911,David Sharp,336.46,ryanhill@hotmail.com
08-04-2024,4826,Heather Dunn,70.16,allenbarry@parrish-singh.net
16-02-2024,4786,Gregory Price,498.39,dsanchez@gmail.com
06-05-2024,3870,Ashley Jacobson,296.74,jwalker@wolfe-payne.net
12-05-2024,4094,Shirley Peters,160.27,pmatthews@owens.com
05-05-2024,4177,Ruben Gregory,162.9,websterlisa@hotmail.com
08-02-2024,4633,Shawn Brown,423.92,dfoster@yahoo.com
11-01-2024,9734,Laura Woods,85.71,amandaking@gmail.com
11-06-2024,4885,James Ward,257.6,krauserobert@hotmail.com
03-05-2024,8097,Allison Bradford,280.73,gboyd@yahoo.com
24-04-2024,4473,Tara Garcia,166.3,hopkinsblake@yahoo.com
07-01-2024,8221,Joshua Ponce,186.83,rioseric@gmail.com
11-01-2024,7536,Robert Mcneil MD,307.32,davidwood@hotmail.com
20-05-2024,1878,Jason Evans,432.29,lindsey98@hotmail.com
26-03-2024,2807,James Arellano,59.31,erica58@yahoo.com
30-04-2024,7251,Michael Simpson,464.49,cannonkatelyn@hotmail.com
18-03-2024,6078,Shelby Beltran,494.54,pgarcia@yahoo.com
07-06-2024,4677,Scott Garza,292.51,turnerannette@johnson.com
25-01-2024,4986,Diana Morgan,253.53,lisajackson@yahoo.com
23-01-2024,6056,Michael Patterson,416.21,mistymccarthy@gmail.com
06-06-2024,3804,Shawn Underwood,271.5,bentleycaitlin@fernandez.com
14-01-2024,6694,Elizabeth Dixon,111.36,jacksonjasmine@fox-ball.com
17-03-2024,3355,Erin Gill,396.31,crawfordspencer@gmail.com
16-02-2024,1611,Brittney Marshall,225.94,gaystephanie@yahoo.com
31-03-2024,9818,Erica Turner,113.65,yvette31@gmail.com
17-03-2024,6803,Briana Reed,280.08,matthew02@gmail.com
03-05-2024,5135,Benjamin Hahn,185.64,victor56@gmail.com
23-02-2024,3097,Michael Knapp,105.8,melissastewart@gmail.com
13-03-2024,6598,Jennifer Terrell,428.49,christinegraham@hotmail.com
01-05-2024,3825,Angela Hunt,360.24,masonrichard@gonzales.org
19-04-2024,5401,Carlos Cervantes,136.36,montgomerystacy@yahoo.com
21-03-2024,3453,Ricardo Lin,467.63,blakebrown@hotmail.com
01-06-2024,5195,Melissa Casey,263.09,adam62@christensen-levine.com
31-01-2024,7520,Elizabeth Jackson,247.08,johnsonzachary@yahoo.com
23-05-2024,3005,Alexander Anderson,332.92,amandawalker@yahoo.com
29-01-2024,7368,Holly Gonzalez,59.4,kellylinda@yahoo.com
11-05-2024,4606,Ryan Daniel,281.71,levyemily@moses.com
22-04-2024,8841,Janice Hoffman,299.73,lnovak@gonzalez.net
12-02-2024,3101,Anthony Pham,426.4,youngisaac@thomas-leonard.com
29-05-2024,7620,Christy Vasquez,80.5,chernandez@walker-allen.com
02-06-2024,8189,Julie Hernandez,426.3,victoriajames@hotmail.com
17-04-2024,2407,Carlos Olson,87.8,martinezkaren@hayes.net
08-04-2024,6952,Matthew Rios,223.31,wendycosta@calhoun-baxter.com
31-01-2024,2768,Sara Jimenez,294.75,jbrewer@wolf.org
07-01-2024,7893,Joel Vaughan,472.79,gbrown@yahoo.com
18-02-2024,6001,Kenneth Maxwell,165.74,nsmith@hotmail.com
08-04-2024,7848,Andrea Mueller,319.51,johnsonamanda@yahoo.com
03-04-2024,8594,Samuel Walker,371.87,bhernandez@gmail.com
20-01-2024,2817,Edwin Cruz,61.74,jeffrey94@gmail.com
23-01-2024,5703,Dawn Brown,263.41,lbenjamin@simmons-cummings.org
23-03-2024,6044,John Williams,86.87,louis97@hotmail.com
18-05-2024,1044,Brittany Elliott,249.23,petersonlisa@hayes.biz
19-03-2024,8380,James Nguyen,388.24,michelle81@gmail.com
09-06-2024,8291,Brandon Johnson,54.07,uvelazquez@hotmail.com
12-01-2024,9969,Janet Jones,288.35,michael67@thomas.net
23-03-2024,6261,Heather Carter,451.66,daniel00@hotmail.com
01-04-2024,2730,Jordan Mcdonald,318.53,fwright@avila.com
29-01-2024,3569,Daniel Ortiz,333.39,etaylor@gmail.com
02-06-2024,3242,Matthew Smith,266.2,sreed@gmail.com
20-05-2024,6783,Derek Knight,146.42,williamsonthomas@hotmail.com
27-02-2024,2671,Patricia Montgomery,230.67,mercadoapril@henderson.com
10-05-2024,2627,Susan Brock,430.14,matthew75@delgado.org
19-04-2024,6409,Erica Martinez,111.13,craigwilliams@hawkins.com
15-03-2024,5912,Debra Vega,410.74,harrellcharles@morales.com
01-04-2024,9182,John Welch,420.88,cwagner@yahoo.com
14-01-2024,4327,Ariana Jenkins,362.31,daniellynch@matthews-ritter.com
09-06-2024,2481,Thomas Bowen,111.87,agriffith@hotmail.com
29-04-2024,9152,Melissa Martin,494.38,christianscott@butler.com
22-03-2024,8142,Stephen Leon,291.64,michellelara@adams-landry.com
19-05-2024,8335,Anthony Sullivan,189.84,davidallen@fritz-ho.com
12-04-2024,8366,Angela Hunt,310.15,robertmaldonado@yahoo.com
04-04-2024,5601,Miss Lisa Barnett,412.69,andre08@leon.net
06-03-2024,7921,Michael Adkins,376.98,edward47@brooks.com
02-03-2024,1562,Anna Tate,414.23,hannah16@hotmail.com
14-04-2024,6237,Matthew Martinez,148.43,evan83@gmail.com
11-06-2024,7928,Rachel Craig,391.34,jeremygraham@livingston.com
14-02-2024,1936,Joshua Ray,253.18,joanne46@hotmail.com
26-01-2024,3108,Mark Edwards MD,222.6,scottsarah@hotmail.com
29-03-2024,7052,Leah Johnson,82.13,christopher21@thompson.com
03-05-2024,7770,Brittany Harmon,212.91,hendersonnathan@novak-newton.info
20-01-2024,9674,Teresa Lewis,414.39,rogerrivera@garcia.com
25-01-2024,9711,Megan Johnson,85.79,williamsemily@robinson-moore.info
18-03-2024,9845,Kristin Hancock,194.6,nsanders@chaney.com
10-06-2024,5118,Kathryn Martinez,135.03,kimberly92@gmail.com
16-02-2024,1595,Michael Howell,72.2,philip35@yahoo.com
03-06-2024,8522,Lynn Summers,85.98,acampbell@blevins.com
04-03-2024,6131,Samantha Boyle,167.63,michelledodson@hansen-estrada.com
07-02-2024,1923,Tyrone Robinson,224.2,louiscastaneda@mcgee.com
26-02-2024,4483,Kristy Lawrence,129.56,valentinealejandra@hotmail.com
17-04-2024,7755,Shawn Delacruz,147.25,lgilbert@dunn-pennington.org
06-05-2024,3292,Jennifer Garcia,276,lindseywright@gonzalez-kline.com
18-05-2024,8553,David Mcclure,99.06,jessica31@gmail.com
05-01-2024,4602,Victor Fields,127.51,philip92@hotmail.com
02-04-2024,8078,Joe Yu,221.46,matthewpierce@atkins.com
08-02-2024,5030,Carly Sanders,432.1,nolancharlene@gmail.com
07-06-2024,8276,Tyler Marquez,166.97,lawsonlisa@taylor-martin.biz
02-05-2024,6713,Amber Gray,336.84,abaldwin@yahoo.com
12-03-2024,5260,Eric Horne,306.2,alexander71@gmail.com
06-01-2024,9134,Bobby Dillon,297.22,hilljeffrey@gmail.com
08-04-2024,1311,Mark Burton MD,347.49,hodgesshannon@gmail.com
04-01-2024,4157,Mark Lee,204.89,lindsey21@hotmail.com
19-05-2024,1939,John Fuentes,273.26,jesse71@smith.com
09-04-2024,3259,Craig Kline,394.06,ashleymeyer@hotmail.com
10-05-2024,2967,Elizabeth Tucker,170.48,melvinbrown@yahoo.com
06-01-2024,8679,Ashley Turner,392.74,meadowsamanda@gmail.com
14-01-2024,7465,Christopher Miller,220.09,roberto87@wilson-reid.com
02-02-2024,8232,Megan Terry,463.95,kevin42@robertson-hunter.com
24-02-2024,7527,Sharon Craig,387.57,jmills@williams-smith.com
27-02-2024,7644,Derek Knight,201.73,qtanner@yahoo.com
05-01-2024,3241,Dawn Parsons,209.02,christinewilson@gmail.com
15-05-2024,7704,Dylan Baker,339.36,mooneyjason@myers.com
15-03-2024,3331,Andrew Walker,190.56,owood@long-jones.com
16-01-2024,4940,Tyler Hudson,432.52,sgomez@yahoo.com
16-02-2024,7579,Mr. James Peterson,193.29,lisa75@mosley.com
24-05-2024,6016,Timothy Diaz,274.7,danielgonzalez@gmail.com
22-05-2024,5419,Justin Scott,128.36,jrodriguez@gmail.com
04-06-2024,8779,Keith Christian,266.83,kcopeland@fry.com
19-04-2024,9902,Gabriel Turner,310.82,jessica80@simpson.com
21-05-2024,9967,Joseph Vega,170.14,meganbest@chapman.com
05-06-2024,6313,Angela Hunt,338.57,sprice@dodson.net
04-02-2024,5812,Kevin Moran,187.24,ucollier@yahoo.com
09-04-2024,5005,Tyler Jimenez,90.59,justinwilliams@evans.com
01-01-2024,5920,Brian Larson,139.18,johnwhite@everett-dunn.com
28-03-2024,3040,Laura Vaughan,436.53,mmarquez@yahoo.com
29-01-2024,4701,Kurt Hawkins,117.59,kathryn24@jackson.info
29-03-2024,6229,Derek Reyes,461.22,torressandra@sparks.com
21-01-2024,6633,Jamie Howard,470.13,chapmanandre@yahoo.com
05-03-2024,5966,Ricky Mitchell,211.59,charlene36@hotmail.com
06-05-2024,6970,Brandon Banks,163.49,bergcaitlin@yahoo.com
30-01-2024,9419,Brian Vargas,374.01,jonesbrandon@gmail.com
08-05-2024,6538,Crystal Sanford,265.77,marvin58@gmail.com
10-01-2024,2029,Ronnie Schroeder,107.37,hardidream111@gmail.com
03-05-2024,1256,Kimberly Silva,214.3,brookemiller@hughes.com
25-02-2024,9256,Elizabeth White,465.83,cynthiamoore@robles.com
08-04-2024,9766,Kiara Smith,181.74,angelaevans@gmail.com
06-06-2024,9701,Keith Moore,119.28,tracy06@yahoo.com
27-02-2024,6153,Robert Jackson,143.96,brianhammond@miles-knight.com
29-02-2024,6556,Valerie Green,280.25,dcantu@yahoo.com
13-02-2024,9056,Jeffrey Lam,495.59,eric59@hotmail.com
15-04-2024,6727,Matthew Miller,131.19,cindy40@williams.com
30-05-2024,3615,Mark Valdez,57.6,harrisjerome@gonzalez-malone.com
03-02-2024,1439,Laura Smith,332.47,christensencaroline@young-jordan.com
24-04-2024,1525,Michael Lewis,73.63,sheilaoliver@randolph.com
19-02-2024,2616,Andrea Carter,413.68,jbarber@hotmail.com
01-01-2024,1110,Brent Garrett,113.23,hardikspatil17@gmail.com
10-03-2024,5687,Ronnie Schroeder,225.01,hardidream111@gmail.com
